Scheduler:,geometric,
Nnodes,Energy,Time
1,-364.533,8.49418
2,-364.533,8.58263
4,-364.533,8.80399
8,-364.533,9.25114
16,-364.533,9.26221
