Schedule:,geometric,
Nnodes,Energy,Time
1,-266.907,4.27868
2,-272.24,4.20741
4,-287.173,4.24004
8,-282,4.37009
16,-290.56,4.60782
