Schedule:,linear,
Nnodes,Energy,Time
1,-232.347,4.29071
2,-241.813,4.29791
4,-243.627,4.24676
8,-279.707,4.36478
16,-260.427,4.55722
