Scheduler:,linear,
Nnodes,Energy,Time
1,-324.8,8.80117
2,-324.8,8.50553
4,-350.107,9.33079
8,-324.8,8.87678
16,-324.8,8.74077
