Nodes,mvp25,mvp26,mvp27,mvp28,mvp29
1,25.2033,50.9947,120.237,229.903,469.806
2,14.3156,26.7363,55.1036,112.166,242.678
4,7.90835,14.1279,28.3291,58.244,134.706
8,4.53849,8.37906,14.9241,29.8531,61.5604
16,3.19377,4.71761,9.1388,15.83,31.7511
